{
  "part_name": "Lid",
  "source_mesh_path": "input/alpha_wrapping_per_part/part_0_Lid_wrapped.obj",
  "proxy_type": "surface_of_revolution",
  "axis": {
    "origin": [
      0.017880182197836537,
      0.0005606888716243877,
      0.5172625876815377
    ],
    "direction": [
      0.006249496516075419,
      0.0016233037597090246,
      0.9999791541208243
    ],
    "u": [
      -1.0144844557248861e-05,
      0.9999986824405839,
      -0.0016232720592691246
    ],
    "v": [
      -0.9999804716525108,
      1.6940658945086007e-21,
      0.00624950475015675
    ],
    "h_range": [
      -0.03204085089661698,
      0.032534948612299906
    ]
  },
  "profile": {
    "h": [
      -0.028962737786691936,
      -0.02797257552755521,
      -0.026982413268418486,
      -0.02599225100928176,
      -0.025002088750145035,
      -0.02401192649100831,
      -0.023021764231871585,
      -0.022031601972734856,
      -0.021041439713598134,
      -0.020051277454461405,
      -0.019061115195324684,
      -0.018070952936187955,
      -0.01708079067705123,
      -0.016090628417914504,
      -0.015100466158777779,
      -0.014110303899641054,
      -0.013120141640504328,
      -0.012129979381367603,
      -0.011139817122230878,
      -0.010149654863094153,
      -0.009159492603957427,
      -0.008169330344820702,
      -0.007179168085683977,
      -0.006189005826547252,
      -0.005198843567410523,
      -0.004208681308273798,
      -0.0032185190491370724,
      -0.002228356790000347,
      -0.001238194530863622,
      -0.00024803227172689665,
      0.0007421299874098286,
      0.0017322922465465539,
      0.002722454505683279,
      0.003712616764820008,
      0.00470277902395673,
      0.005692941283093458,
      0.00668310354223018,
      0.007673265801366909,
      0.00866342806050363,
      0.00965359031964036,
      0.010643752578777081,
      0.01163391483791381,
      0.012624077097050532,
      0.01361423935618726,
      0.014604401615323982,
      0.015594563874460711,
      0.016584726133597433,
      0.01757488839273416,
      0.01856505065187089,
      0.019555212911007612,
      0.02054537517014434,
      0.021535537429281063,
      0.02252569968841779,
      0.023515861947554513,
      0.024506024206691242,
      0.025496186465827964,
      0.026486348724964692,
      0.027476510984101414,
      0.028466673243238143,
      0.029456835502374865
    ],
    "r": [
      0.1934657891053082,
      0.18910215709044953,
      0.1850970252678329,
      0.18143511240666663,
      0.17810113727615903,
      0.1750798186455187,
      0.172355875283954,
      0.1699140259606734,
      0.16773898944488522,
      0.16581548450579797,
      0.16412822991262005,
      0.1626619444345598,
      0.16140134684082588,
      0.16033115590062638,
      0.15943609038317,
      0.15870086905766506,
      0.15811021069332004,
      0.15764883405934318,
      0.1573014579249431,
      0.15705280105932817,
      0.1568875822317068,
      0.15679052021128737,
      0.15674633376727837,
      0.15673974166888824,
      0.15675546268532528,
      0.1567782155857981,
      0.15679271913951492,
      0.15678369211568433,
      0.15673585328351464,
      0.15663392141221436,
      0.15646261527099184,
      0.1562066536290555,
      0.15585075525561393,
      0.15537963891987533,
      0.15477802339104824,
      0.15403062743834103,
      0.15312216983096222,
      0.15203736933812004,
      0.15076094472902313,
      0.14927761477287982,
      0.1475720982388985,
      0.14562911389628766,
      0.1434333805142557,
      0.14096961686201104,
      0.13822254170876205,
      0.13517687382371724,
      0.13181733197608497,
      0.12812863493507373,
      0.12409550146989186,
      0.11970265034974785,
      0.11493480034385006,
      0.10977667022140702,
      0.10421297875162702,
      0.09822844470371861,
      0.0918077868468901,
      0.08493572395035003,
      0.07759697478330668,
      0.06977625811496863,
      0.06145829271454415,
      0.052627797351241803
    ]
  },
  "profile_slices": [
    {
      "h": -0.028962737786691936,
      "r": 0.1938461628874805,
      "reliability": 0.8532760051185454,
      "residual": 0.00853256502338769,
      "angular_coverage": 1.0,
      "n_points": 791,
      "flags": {}
    },
    {
      "h": -0.027972575527555214,
      "r": 0.18670428675107195,
      "reliability": 0.7879097274534975,
      "residual": 0.01187944891879056,
      "angular_coverage": 1.0,
      "n_points": 721,
      "flags": {}
    },
    {
      "h": -0.026982413268418486,
      "r": 0.18390152907525043,
      "reliability": 0.7544389102004095,
      "residual": 0.013547717968658867,
      "angular_coverage": 1.0,
      "n_points": 652,
      "flags": {}
    },
    {
      "h": -0.025992251009281764,
      "r": 0.18128883377526933,
      "reliability": 0.726617344399908,
      "residual": 0.014868366842438039,
      "angular_coverage": 1.0,
      "n_points": 566,
      "flags": {}
    },
    {
      "h": -0.025002088750145035,
      "r": 0.17900002745865748,
      "reliability": 0.6976561054577946,
      "residual": 0.016235869627503664,
      "angular_coverage": 1.0,
      "n_points": 553,
      "flags": {}
    },
    {
      "h": -0.024011926491008313,
      "r": 0.17692506506063974,
      "reliability": 0.6738673035871617,
      "residual": 0.017310314559372982,
      "angular_coverage": 1.0,
      "n_points": 537,
      "flags": {}
    },
    {
      "h": -0.023021764231871585,
      "r": 0.17408735418237353,
      "reliability": 0.6451365859875345,
      "residual": 0.018533169852466298,
      "angular_coverage": 1.0,
      "n_points": 516,
      "flags": {}
    },
    {
      "h": -0.02203160197273486,
      "r": 0.17201150189575903,
      "reliability": 0.5930614506953331,
      "residual": 0.020999433313553143,
      "angular_coverage": 1.0,
      "n_points": 541,
      "flags": {}
    },
    {
      "h": -0.021041439713598134,
      "r": 0.16994921069811983,
      "reliability": 0.5573820133844485,
      "residual": 0.02256677323983118,
      "angular_coverage": 1.0,
      "n_points": 531,
      "flags": {}
    },
    {
      "h": -0.02005127745446141,
      "r": 0.16710522064383876,
      "reliability": 0.519107664116515,
      "residual": 0.024107885968122234,
      "angular_coverage": 1.0,
      "n_points": 530,
      "flags": {}
    },
    {
      "h": -0.019061115195324684,
      "r": 0.16555828539351475,
      "reliability": 0.4795530258377527,
      "residual": 0.025849292604163358,
      "angular_coverage": 1.0,
      "n_points": 517,
      "flags": {}
    },
    {
      "h": -0.018070952936187955,
      "r": 0.16273134053124827,
      "reliability": 0.454522892440538,
      "residual": 0.02662986628267774,
      "angular_coverage": 1.0,
      "n_points": 493,
      "flags": {}
    },
    {
      "h": -0.017080790677051233,
      "r": 0.15953724271612568,
      "reliability": 0.423892430681144,
      "residual": 0.02757318393510586,
      "angular_coverage": 1.0,
      "n_points": 497,
      "flags": {}
    },
    {
      "h": -0.016090628417914504,
      "r": 0.15859782530808883,
      "reliability": 0.35332365126800136,
      "residual": 0.030768438776121072,
      "angular_coverage": 1.0,
      "n_points": 503,
      "flags": {}
    },
    {
      "h": -0.01510046615877778,
      "r": 0.15665341133391975,
      "reliability": 0.3275818422509975,
      "residual": 0.031600979476275305,
      "angular_coverage": 1.0,
      "n_points": 501,
      "flags": {}
    },
    {
      "h": -0.014110303899641055,
      "r": 0.15223375706164277,
      "reliability": 0.3000504131135526,
      "residual": 0.03196678660964059,
      "angular_coverage": 1.0,
      "n_points": 468,
      "flags": {}
    },
    {
      "h": -0.01312014164050433,
      "r": 0.15097162908801273,
      "reliability": 0.2301827505481432,
      "residual": 0.03486616927493997,
      "angular_coverage": 1.0,
      "n_points": 462,