{
  "part_name": "Lid",
  "source_mesh_path": "input/alpha_wrapping_per_part/part_0_Lid_wrapped.obj",
  "proxy_type": "surface_of_revolution",
  "axis": {
    "origin": [
      0.017880182197836537,
      0.0005606888716243877,
      0.5172625876815377
    ],
    "direction": [
      -0.0062494965160752956,
      -0.0016233037597091333,
      -0.9999791541208244
    ],
    "u": [
      -1.0144844557249334e-05,
      0.999998682440584,
      -0.0016232720592692324
    ],
    "v": [
      0.9999804716525107,
      0.0,
      -0.0062495047501566255
    ],
    "h_range": [
      -0.032534948612299906,
      0.032040850896616985
    ]
  },
  "profile": {
    "h": [
      -0.029456835502374865,
      -0.02846667324323814,
      -0.027476510984101414,
      -0.02648634872496469,
      -0.025496186465827964,
      -0.024506024206691235,
      -0.02351586194755451,
      -0.022525699688417784,
      -0.02153553742928106,
      -0.020545375170144334,
      -0.01955521291100761,
      -0.018565050651870883,
      -0.017574888392734155,
      -0.016584726133597433,
      -0.015594563874460704,
      -0.014604401615323979,
      -0.013614239356187254,
      -0.012624077097050528,
      -0.011633914837913803,
      -0.010643752578777078,
      -0.009653590319640352,
      -0.008663428060503624,
      -0.0076732658013668985,
      -0.006683103542230173,
      -0.005692941283093448,
      -0.004702779023956723,
      -0.0037126167648199974,
      -0.002722454505683272,
      -0.0017322922465465435,
      -0.0007421299874098182,
      0.00024803227172690706,
      0.0012381945308636323,
      0.0022283567900003576,
      0.0032185190491370863,
      0.004208681308273808,
      0.005198843567410537,
      0.006189005826547259,
      0.007179168085683987,
      0.00816933034482071,
      0.009159492603957438,
      0.01014965486309416,
      0.011139817122230888,
      0.012129979381367617,
      0.013120141640504339,
      0.014110303899641068,
      0.01510046615877779,
      0.016090628417914518,
      0.01708079067705124,
      0.01807095293618797,
      0.019061115195324697,
      0.02005127745446142,
      0.021041439713598148,
      0.02203160197273487,
      0.0230217642318716,
      0.02401192649100832,
      0.02500208875014505,
      0.025992251009281778,
      0.0269824132684185,
      0.027972575527555228,
      0.028962737786691947
    ],
    "r": [
      0.05262779735124174,
      0.06145829271454413,
      0.06977625811496857,
      0.07759697478330671,
      0.08493572395035004,
      0.09180778684689019,
      0.09822844470371868,
      0.10421297875162709,
      0.1097766702214071,
      0.11493480034385022,
      0.11970265034974793,
      0.12409550146989193,
      0.12812863493507382,
      0.13181733197608508,
      0.13517687382371738,
      0.13822254170876216,
      0.14096961686201112,
      0.14343338051425578,
      0.14562911389628777,
      0.14757209823889858,
      0.14927761477287985,
      0.15076094472902318,
      0.15203736933812015,
      0.15312216983096225,
      0.15403062743834106,
      0.1547780233910482,
      0.15537963891987533,
      0.15585075525561393,
      0.15620665362905556,
      0.15646261527099184,
      0.15663392141221436,
      0.15673585328351458,
      0.15678369211568427,
      0.15679271913951484,
      0.15677821558579796,
      0.1567554626853252,
      0.15673974166888807,
      0.15674633376727826,
      0.1567905202112872,
      0.1568875822317066,
      0.15705280105932795,
      0.15730145792494288,
      0.15764883405934293,
      0.1581102106933197,
      0.15870086905766478,
      0.1594360903831697,
      0.16033115590062605,
      0.16140134684082544,
      0.16266194443455942,
      0.1641282299126196,
      0.16581548450579753,
      0.16773898944488475,
      0.1699140259606729,
      0.1723558752839535,
      0.17507981864551816,
      0.1781011372761585,
      0.18143511240666604,
      0.18509702526783234,
      0.18910215709044903,
      0.19346578910530762
    ]
  },
  "profile_slices": [
    {
      "h": -0.029456835502374865,
      "r": 0.05543338594619086,
      "reliability": 0.746814196553808,
      "residual": 0.004210483907558755,
      "angular_coverage": 1.0,
      "n_points": 281,
      "flags": {}
    },
    {
      "h": -0.028466673243238143,
      "r": 0.06260013202866675,
      "reliability": 0.7686989505664054,
      "residual": 0.00434384286987366,
      "angular_coverage": 1.0,
      "n_points": 323,
      "flags": {}
    },
    {
      "h": -0.027476510984101414,
      "r": 0.06929232512439014,
      "reliability": 0.8055607656515968,
      "residual": 0.0040419439930221126,
      "angular_coverage": 1.0,
      "n_points": 357,
      "flags": {}
    },
    {
      "h": -0.026486348724964692,
      "r": 0.07686426701933247,
      "reliability": 0.8024578621217946,
      "residual": 0.00455517949003205,
      "angular_coverage": 1.0,
      "n_points": 416,
      "flags": {}
    },
    {
      "h": -0.025496186465827964,
      "r": 0.08294980416110898,
      "reliability": 0.8144535975053788,
      "residual": 0.004617311324918138,
      "angular_coverage": 1.0,
      "n_points": 448,
      "flags": {}
    },
    {
      "h": -0.024506024206691235,
      "r": 0.09009809756528864,
      "reliability": 0.8426740738446321,
      "residual": 0.004252429993288719,
      "angular_coverage": 1.0,
      "n_points": 476,
      "flags": {}
    },
    {
      "h": -0.023515861947554513,
      "r": 0.0961546422593002,
      "reliability": 0.8392481111144638,
      "residual": 0.00463711211048865,
      "angular_coverage": 1.0,
      "n_points": 527,
      "flags": {}
    },
    {
      "h": -0.022525699688417784,
      "r": 0.10305800973692275,
      "reliability": 0.8472986253436635,
      "residual": 0.0047211299268522635,
      "angular_coverage": 1.0,
      "n_points": 550,
      "flags": {}
    },
    {
      "h": -0.021535537429281063,
      "r": 0.10944765357115276,
      "reliability": 0.8559291046995385,
      "residual": 0.004730466431559217,
      "angular_coverage": 1.0,
      "n_points": 576,
      "flags": {}
    },
    {
      "h": -0.020545375170144334,
      "r": 0.11564569427821864,
      "reliability": 0.8602177995117186,
      "residual": 0.004849562886961334,
      "angular_coverage": 1.0,
      "n_points": 577,
      "flags": {}
    },
    {
      "h": -0.019555212911007612,
      "r": 0.12212777618401902,
      "reliability": 0.8663193796070553,
      "residual": 0.004897835066247108,
      "angular_coverage": 1.0,
      "n_points": 587,
      "flags": {}
    },
    {
      "h": -0.018565050651870883,
      "r": 0.12829087157464103,
      "reliability": 0.5674489078747038,
      "residual": 0.016647706982795128,
      "angular_coverage": 1.0,
      "n_points": 652,
      "flags": {}
    },
    {
      "h": -0.017574888392734158,
      "r": 0.13352937192397235,
      "reliability": 0.27964874656001426,
      "residual": 0.028856415130946257,
      "angular_coverage": 1.0,
      "n_points": 704,
      "flags": {}
    },
    {
      "h": -0.016584726133597433,
      "r": 0.138365265069201,
      "reliability": 0.0,
      "residual": 0.04221419198107621,
      "angular_coverage": 1.0,
      "n_points": 746,
      "flags": {
        "high_scatter": true
      }
    },
    {
      "h": -0.015594563874460706,
      "r": 0.1439175594039922,
      "reliability": 0.0,
      "residual": 0.0495914802537937,
      "angular_coverage": 1.0,
      "n_points": 774,
      "flags": {
        "high_scatter": true
      }
    },
    {
      "h": -0.01460440161532398,
      "r": 0.14967189338324954,
      "reliability": 0.0,
      "residual": 0.05291015412324514,
      "angular_coverage": 1.0,
      "n_points": 822,
      "flags": {
        "high_scatter": true
      }
    },
    {
      "h": -0.013614239356187255,
      "r": 0.1540382849188956,
      "reliability": 0.0,
      "residual": 0.05682265983931764,
      "angular_coverage": 1.0,
      "n_points": 879,