{
  "part_name": "Knob",
  "source_mesh_path": "input/alpha_wrapping_per_part/part_2_Knob_wrapped.obj",
  "proxy_type": "surface_of_revolution",
  "axis": {
    "origin": [
      0.022480267317983575,
      0.001254516132442333,
      0.5949528178854823
    ],
    "direction": [
      -0.00028688627552313017,
      -0.0032469867529227,
      0.9999946873715335
    ],
    "u": [
      -9.315208467072148e-07,
      0.999994728523619,
      0.0032469866192952265
    ],
    "v": [
      -0.9999999588456978,
      -1.0587911840678754e-22,
      -0.0002868877878447541
    ],
    "h_range": [
      -0.05934943494079493,
      0.05932069006717488
    ]
  },
  "profile": {
    "h": [
      -0.05369282564874837,
      -0.05187321706529283,
      -0.05005360848183729,
      -0.04823399989838176,
      -0.046414391314926216,
      -0.04459478273147068,
      -0.04277517414801514,
      -0.04095556556455961,
      -0.03913595698110407,
      -0.03731634839764854,
      -0.035496739814193,
      -0.033677131230737456,
      -0.03185752264728192,
      -0.030037914063826384,
      -0.02821830548037085,
      -0.026398696896915312,
      -0.024579088313459774,
      -0.022759479730004237,
      -0.020939871146548703,
      -0.01912026256309316,
      -0.017300653979637627,
      -0.015481045396182086,
      -0.013661436812726552,
      -0.011841828229271018,
      -0.010022219645815476,
      -0.008202611062359942,
      -0.006383002478904401,
      -0.004563393895448867,
      -0.0027437853119933325,
      -0.0009241767285377914,
      0.0008954318549177429,
      0.002715040438373284,
      0.004534649021828818,
      0.0063542576052843525,
      0.008173866188739894,
      0.009993474772195428,
      0.011813083355650962,
      0.01363269193910651,
      0.015452300522562044,
      0.01727190910601758,
      0.019091517689473113,
      0.020911126272928647,
      0.022730734856384195,
      0.02455034343983973,
      0.026369952023295264,
      0.028189560606750798,
      0.030009169190206332,
      0.03182877777366188,
      0.033648386357117414,
      0.03546799494057295,
      0.03728760352402848,
      0.03910721210748402,
      0.040926820690939565,
      0.0427464292743951,
      0.044566037857850634,
      0.04638564644130617,
      0.0482052550247617,
      0.05002486360821725,
      0.051844472191672784,
      0.05366408077512832
    ],
    "r": [
      0.0430327727528218,
      0.04136526017214467,
      0.039867286814236076,
      0.038533127442963604,
      0.03735705682219483,
      0.03633334971579737,
      0.03545628088763876,
      0.034720125101586646,
      0.034119157121508564,
      0.033647651711272125,
      0.033299883634744905,
      0.03307012765579449,
      0.03295265853828846,
      0.032941751046094384,
      0.03303167994307988,
      0.03321671999311252,
      0.033491145960059886,
      0.03384923260778954,
      0.03428525470016911,
      0.034793487001066166,
      0.035368204274348274,
      0.03600368128388304,
      0.03669419279353803,
      0.03743401356718084,
      0.03821741836867905,
      0.039038681961900246,
      0.039892079110712034,
      0.04077188457898196,
      0.04167237313057763,
      0.042587819529366626,
      0.04351249853921652,
      0.04444068492399494,
      0.045366653447569426,
      0.04628467887380757,
      0.04718903596657697,
      0.04807399948974519,
      0.04893384420717983,
      0.049762844882748486,
      0.05055527628031873,
      0.05130541316375814,
      0.05200753029693431,
      0.05265590244371482,
      0.053244804367967254,
      0.05376851083355921,
      0.054221296604358246,
      0.05459743644423197,
      0.05489120511704795,
      0.05509687738667379,
      0.05520872801697706,
      0.055221031771825344,
      0.05512806341508625,
      0.05492409771062732,
      0.05460340942231616,
      0.05416027331402038,
      0.05358896414960754,
      0.05288375669294521,
      0.052038925707901,
      0.05104874595834248,
      0.04990749220813724,
      0.04860943922115288
    ]
  },
  "profile_slices": [
    {
      "h": -0.05369282564874837,
      "r": 0.037333127575998784,
      "reliability": 0.9576282464062255,
      "residual": 0.0004745610247605509,
      "angular_coverage": 1.0,
      "n_points": 378,
      "flags": {}
    },
    {
      "h": -0.051873217065292826,
      "r": 0.03759211316645573,
      "reliability": 0.9644281931882652,
      "residual": 0.00040116581616061016,
      "angular_coverage": 1.0,
      "n_points": 380,
      "flags": {}
    },
    {
      "h": -0.05005360848183729,
      "r": 0.03766641722563345,
      "reliability": 0.9651895765346611,
      "residual": 0.000393355180213931,
      "angular_coverage": 1.0,
      "n_points": 392,
      "flags": {}
    },
    {
      "h": -0.04823399989838176,
      "r": 0.03754503333019152,
      "reliability": 0.9640138220487339,
      "residual": 0.00040533067518194645,
      "angular_coverage": 1.0,
      "n_points": 396,
      "flags": {}
    },
    {
      "h": -0.046414391314926216,
      "r": 0.03740458085431935,
      "reliability": 0.9650309433683741,
      "residual": 0.00039240087185307617,
      "angular_coverage": 1.0,
      "n_points": 413,
      "flags": {}
    },
    {
      "h": -0.044594782731470675,
      "r": 0.03719680643014903,
      "reliability": 0.9651413250724576,
      "residual": 0.00038898941510738516,
      "angular_coverage": 1.0,
      "n_points": 389,
      "flags": {}
    },
    {
      "h": -0.04277517414801514,
      "r": 0.03697929230473212,
      "reliability": 0.965711353219157,
      "residual": 0.00038039096761275103,
      "angular_coverage": 1.0,
      "n_points": 369,
      "flags": {}
    },
    {
      "h": -0.04095556556455961,
      "r": 0.03676266668053409,
      "reliability": 0.9656889968576315,
      "residual": 0.0003784091915992945,
      "angular_coverage": 1.0,
      "n_points": 386,
      "flags": {}
    },
    {
      "h": -0.03913595698110407,
      "r": 0.036594235853763556,
      "reliability": 0.9663410111616073,
      "residual": 0.0003695174928454014,
      "angular_coverage": 1.0,
      "n_points": 370,
      "flags": {}
    },
    {
      "h": -0.03731634839764854,
      "r": 0.036369791416504885,
      "reliability": 0.9659643751652605,
      "residual": 0.0003713605727909671,
      "angular_coverage": 1.0,
      "n_points": 350,
      "flags": {}
    },
    {
      "h": -0.03549673981419299,
      "r": 0.03620012026677706,
      "reliability": 0.9667274707491322,
      "residual": 0.00036134086813838137,
      "angular_coverage": 1.0,
      "n_points": 349,
      "flags": {}
    },
    {
      "h": -0.033677131230737456,
      "r": 0.0360547491722025,
      "reliability": 0.9625844120620984,
      "residual": 0.00040470289146945734,
      "angular_coverage": 1.0,
      "n_points": 341,
      "flags": {}
    },
    {
      "h": -0.03185752264728192,
      "r": 0.03587306180910663,
      "reliability": 0.9618344427467352,
      "residual": 0.00041073461829760956,
      "angular_coverage": 1.0,
      "n_points": 354,
      "flags": {}
    },
    {
      "h": -0.030037914063826384,
      "r": 0.03573194205176529,
      "reliability": 0.9628747408414978,
      "residual": 0.0003979672826725109,
      "angular_coverage": 1.0,
      "n_points": 370,
      "flags": {}
    },
    {
      "h": -0.028218305480370846,
      "r": 0.03554989825397616,
      "reliability": 0.9640033169690566,
      "residual": 0.00038390352576920075,
      "angular_coverage": 1.0,
      "n_points": 365,
      "flags": {}
    },
    {
      "h": -0.026398696896915312,
      "r": 0.03540892098830773,
      "reliability": 0.9707825699362087,
      "residual": 0.0003103673017830583,
      "angular_coverage": 1.0,
      "n_points": 355,
      "flags": {}
    },
    {
      "h": -0.02457908831345977,
      "r": 0.035380615879170685,
      "reliability": 0.977940776750916,
      "residual": 0.0002341406713106139,
      "angular_coverage": 1.0,
      "n_points": 341,