{
  "part_name": "Knob",
  "source_mesh_path": "input/alpha_wrapping_per_part/part_2_Knob_wrapped.obj",
  "proxy_type": "surface_of_revolution",
  "axis": {
    "origin": [
      0.02248026731798358,
      0.0012545161324423318,
      0.5949528178854823
    ],
    "direction": [
      -0.00028688627552313364,
      -0.0032469867529225367,
      0.9999946873715335
    ],
    "u": [
      -9.315208467071792e-07,
      0.999994728523619,
      0.003246986619295064
    ],
    "v": [
      -0.9999999588456979,
      0.0,
      -0.0002868877878447576
    ],
    "h_range": [
      -0.05934943494079492,
      0.05932069006717488
    ]
  },
  "profile": {
    "h": [
      -0.05369282564874836,
      -0.051873217065292826,
      -0.050053608481837285,
      -0.04823399989838175,
      -0.04641439131492621,
      -0.044594782731470675,
      -0.04277517414801514,
      -0.0409555655645596,
      -0.039135956981104066,
      -0.037316348397648524,
      -0.03549673981419299,
      -0.033677131230737456,
      -0.031857522647281915,
      -0.030037914063826377,
      -0.028218305480370843,
      -0.026398696896915305,
      -0.024579088313459767,
      -0.02275947973000423,
      -0.020939871146548696,
      -0.019120262563093154,
      -0.01730065397963762,
      -0.015481045396182079,
      -0.013661436812726545,
      -0.01184182822927101,
      -0.01002221964581547,
      -0.008202611062359935,
      -0.006383002478904394,
      -0.00456339389544886,
      -0.0027437853119933256,
      -0.0009241767285377844,
      0.0008954318549177498,
      0.002715040438373291,
      0.004534649021828825,
      0.006354257605284359,
      0.0081738661887399,
      0.009993474772195435,
      0.011813083355650969,
      0.013632691939106517,
      0.015452300522562051,
      0.017271909106017586,
      0.01909151768947312,
      0.020911126272928654,
      0.022730734856384202,
      0.024550343439839736,
      0.02636995202329527,
      0.028189560606750805,
      0.03000916919020634,
      0.03182877777366189,
      0.03364838635711742,
      0.035467994940572956,
      0.03728760352402849,
      0.039107212107484024,
      0.04092682069093957,
      0.042746429274395106,
      0.04456603785785064,
      0.046385646441306175,
      0.04820525502476171,
      0.05002486360821726,
      0.05184447219167279,
      0.053664080775128326
    ],
    "r": [
      0.043032772752821837,
      0.041365260172144695,
      0.039867286814236104,
      0.03853312744296363,
      0.03735705682219486,
      0.036333349715797394,
      0.035456280887638796,
      0.03472012510158667,
      0.03411915712150859,
      0.03364765171127215,
      0.03329988363474493,
      0.03307012765579451,
      0.03295265853828848,
      0.03294175104609441,
      0.0330316799430799,
      0.03321671999311254,
      0.033491145960059907,
      0.03384923260778957,
      0.03428525470016913,
      0.03479348700106619,
      0.035368204274348294,
      0.03600368128388306,
      0.03669419279353805,
      0.03743401356718086,
      0.038217418368679076,
      0.03903868196190028,
      0.039892079110712055,
      0.04077188457898199,
      0.04167237313057766,
      0.042587819529366654,
      0.04351249853921656,
      0.04444068492399497,
      0.04536665344756945,
      0.04628467887380759,
      0.04718903596657699,
      0.048073999489745216,
      0.04893384420717987,
      0.04976284488274852,
      0.05055527628031875,
      0.05130541316375817,
      0.05200753029693434,
      0.05265590244371485,
      0.05324480436796728,
      0.05376851083355923,
      0.05422129660435827,
      0.054597436444231984,
      0.05489120511704797,
      0.0550968773866738,
      0.05520872801697708,
      0.055221031771825364,
      0.055128063415086255,
      0.05492409771062733,
      0.054603409422316174,
      0.054160273314020395,
      0.053588964149607544,
      0.05288375669294522,
      0.052038925707901,
      0.05104874595834248,
      0.04990749220813724,
      0.04860943922115287
    ]
  },
  "profile_slices": [
    {
      "h": -0.05369282564874836,
      "r": 0.037333127575998784,
      "reliability": 0.9576282464062253,
      "residual": 0.0004745610247605518,
      "angular_coverage": 1.0,
      "n_points": 378,
      "flags": {}
    },
    {
      "h": -0.051873217065292826,
      "r": 0.037592113166455735,
      "reliability": 0.9644281931882651,
      "residual": 0.0004011658161606116,
      "angular_coverage": 1.0,
      "n_points": 380,
      "flags": {}
    },
    {
      "h": -0.050053608481837285,
      "r": 0.03766641722563345,
      "reliability": 0.9651895765346611,
      "residual": 0.00039335518021393104,
      "angular_coverage": 1.0,
      "n_points": 392,
      "flags": {}
    },
    {
      "h": -0.048233999898381744,
      "r": 0.03754503333019152,
      "reliability": 0.9640138220487339,
      "residual": 0.0004053306751819471,
      "angular_coverage": 1.0,
      "n_points": 396,
      "flags": {}
    },
    {
      "h": -0.04641439131492621,
      "r": 0.03740458085431936,
      "reliability": 0.965030943368374,
      "residual": 0.00039240087185307785,
      "angular_coverage": 1.0,
      "n_points": 413,
      "flags": {}
    },
    {
      "h": -0.044594782731470675,
      "r": 0.03719680643014904,
      "reliability": 0.9651413250724575,
      "residual": 0.0003889894151073862,
      "angular_coverage": 1.0,
      "n_points": 389,
      "flags": {}
    },
    {
      "h": -0.04277517414801514,
      "r": 0.03697929230473212,
      "reliability": 0.9657113532191569,
      "residual": 0.00038039096761275217,
      "angular_coverage": 1.0,
      "n_points": 369,
      "flags": {}
    },
    {
      "h": -0.0409555655645596,
      "r": 0.03676266668053409,
      "reliability": 0.9656889968576314,
      "residual": 0.00037840919159929596,
      "angular_coverage": 1.0,
      "n_points": 386,
      "flags": {}
    },
    {
      "h": -0.03913595698110406,
      "r": 0.03659423585376356,
      "reliability": 0.9663410111616072,
      "residual": 0.000369517492845403,
      "angular_coverage": 1.0,
      "n_points": 370,
      "flags": {}
    },
    {
      "h": -0.037316348397648524,
      "r": 0.036369791416504885,
      "reliability": 0.9659643751652603,
      "residual": 0.00037136057279096835,
      "angular_coverage": 1.0,
      "n_points": 350,
      "flags": {}
    },
    {
      "h": -0.03549673981419299,
      "r": 0.036200120266777054,
      "reliability": 0.9667274707491321,
      "residual": 0.0003613408681383823,
      "angular_coverage": 1.0,
      "n_points": 349,
      "flags": {}
    },
    {
      "h": -0.033677131230737456,
      "r": 0.0360547491722025,
      "reliability": 0.9625844120620983,
      "residual": 0.00040470289146945853,
      "angular_coverage": 1.0,
      "n_points": 341,
      "flags": {}
    },
    {
      "h": -0.031857522647281915,
      "r": 0.035873061809106634,
      "reliability": 0.961834442746735,
      "residual": 0.00041073461829761135,
      "angular_coverage": 1.0,
      "n_points": 354,
      "flags": {}
    },
    {
      "h": -0.030037914063826377,
      "r": 0.035731942051765296,
      "reliability": 0.9628747408414977,
      "residual": 0.0003979672826725122,
      "angular_coverage": 1.0,
      "n_points": 370,
      "flags": {}
    },
    {
      "h": -0.02821830548037084,
      "r": 0.035549898253976156,
      "reliability": 0.9640033169690565,
      "residual": 0.0003839035257692017,
      "angular_coverage": 1.0,
      "n_points": 365,
      "flags": {}
    },
    {
      "h": -0.026398696896915305,
      "r": 0.03540892098830774,
      "reliability": 0.9707825699362086,
      "residual": 0.00031036730178305864,
      "angular_coverage": 1.0,
      "n_points": 355,
      "flags": {}
    },
    {
      "h": -0.024579088313459764,
      "r": 0.03538061587917069,
      "reliability": 0.977940776750916,
      "residual": 0.00023414067131061398,
      "angular_coverage": 1.0,
      "n_points": 341,