{
  "part_name": "Teapot Body",
  "source_mesh_path": "input/alpha_wrapping_per_part/part_1_Teapot_Body_wrapped.obj",
  "proxy_type": "surface_of_revolution",
  "axis": {
    "origin": [
      0.011043042816836438,
      0.0005654660237203294,
      0.21325148609903558
    ],
    "direction": [
      0.025456734992443466,
      0.007419406084065488,
      0.9996483917132485
    ],
    "u": [
      -0.0001888790532227579,
      0.99997247582689,
      -0.007417001506222138
    ],
    "v": [
      -0.9996759069639667,
      0.0,
      0.025457435687259354
    ],
    "h_range": [
      -0.22099170152422545,
      0.2890679166699012
    ]
  },
  "profile": {
    "h": [
      -0.19667885972363874,
      -0.18885794557799546,
      -0.1810370314323522,
      -0.1732161172867089,
      -0.16539520314106565,
      -0.15757428899542236,
      -0.14975337484977908,
      -0.14193246070413582,
      -0.13411154655849256,
      -0.12629063241284927,
      -0.118469718267206,
      -0.11064880412156272,
      -0.10282788997591943,
      -0.09500697583027616,
      -0.08718606168463289,
      -0.07936514753898961,
      -0.07154423339334634,
      -0.06372331924770305,
      -0.05590240510205979,
      -0.048081490956416506,
      -0.040260576810773246,
      -0.03243966266512996,
      -0.0246187485194867,
      -0.016797834373843412,
      -0.008976920228200125,
      -0.0011560060825568652,
      0.006664908063086422,
      0.014485822208729682,
      0.02230673635437297,
      0.03012765050001623,
      0.037948564645659516,
      0.045769478791302776,
      0.05359039293694606,
      0.06141130708258935,
      0.06923222122823264,
      0.07705313537387587,
      0.08487404951951916,
      0.09269496366516244,
      0.10051587781080573,
      0.10833679195644896,
      0.11615770610209225,
      0.12397862024773554,
      0.13179953439337883,
      0.1396204485390221,
      0.14744136268466534,
      0.15526227683030863,
      0.16308319097595192,
      0.1709041051215952,
      0.1787250192672385,
      0.18654593341288173,
      0.194366847558525,
      0.2021877617041683,
      0.2100086758498116,
      0.21782958999545482,
      0.2256505041410981,
      0.2334714182867414,
      0.24129233243238468,
      0.24911324657802797,
      0.2569341607236712,
      0.26475507486931454
    ],
    "r": [
      0.3420303128174017,
      0.3450619515705066,
      0.34790648443032046,
      0.35056402156058364,
      0.35303467312503667,
      0.35531854928742024,
      0.35741576021147475,
      0.3593264160609407,
      0.36105062699955826,
      0.3625885031910683,
      0.3639401547992112,
      0.3651056919877275,
      0.3660852249203577,
      0.36687886376084217,
      0.3674867186729214,
      0.3679088998203359,
      0.3681455173668264,
      0.3681966814761331,
      0.36806250231199655,
      0.3677430900381573,
      0.3672385548183558,
      0.3665490068163325,
      0.36567455619582806,
      0.36461531312058276,
      0.36337138775433725,
      0.36194289026083204,
      0.3603299308038074,
      0.35853261954700405,
      0.35655106665416236,
      0.35438538228902283,
      0.352035676615326,
      0.3495020597968123,
      0.34678464199722225,
      0.34388353338029637,
      0.340798844109775,
      0.3375306843493991,
      0.33407916426290846,
      0.3304443940140441,
      0.32662648376654624,
      0.3226255436841555,
      0.3184416839306124,
      0.3140750146696573,
      0.30952564606503075,
      0.3047936882804733,
      0.29987925147972544,
      0.2947824458265275,
      0.2895033814846202,
      0.2840421686177438,
      0.2783989173896389,
      0.2725737379640461,
      0.26656674050470575,
      0.2603780351753583,
      0.25400773213974437,
      0.24745594156160444,
      0.24072277360467892,
      0.2338083384327083,
      0.22671274620943313,
      0.21943610709859387,
      0.2119785312639311,
      0.20434012886918507
    ]
  },
  "profile_slices": [
    {
      "h": -0.19667885972363874,
      "r": 0.17026437528528415,
      "reliability": 0.0,
      "residual": 0.10389311749595348,
      "angular_coverage": 1.0,
      "n_points": 995,
      "flags": {
        "high_scatter": true
      }
    },
    {
      "h": -0.18885794557799546,
      "r": 0.32350398613988907,
      "reliability": 0.1181820632898617,
      "residual": 0.08558148527261464,
      "angular_coverage": 1.0,
      "n_points": 520,
      "flags": {}
    },
    {
      "h": -0.1810370314323522,
      "r": 0.33316533447402985,
      "reliability": 0.14180050097301145,
      "residual": 0.08577669694163144,
      "angular_coverage": 1.0,
      "n_points": 560,
      "flags": {}
    },
    {
      "h": -0.1732161172867089,
      "r": 0.33963810574083325,
      "reliability": 0.14027051608404872,
      "residual": 0.08759906801002736,
      "angular_coverage": 1.0,
      "n_points": 575,
      "flags": {}
    },
    {
      "h": -0.16539520314106565,
      "r": 0.3465671554847858,
      "reliability": 0.12992699380641037,
      "residual": 0.09046161804618262,
      "angular_coverage": 1.0,
      "n_points": 531,
      "flags": {}
    },
    {
      "h": -0.15757428899542236,
      "r": 0.3529547698000551,
      "reliability": 0.16857668080159527,
      "residual": 0.08803644787022119,
      "angular_coverage": 1.0,
      "n_points": 521,
      "flags": {}
    },
    {
      "h": -0.14975337484977908,
      "r": 0.3573929669981846,
      "reliability": 0.1464732257500445,
      "residual": 0.09151333987847439,
      "angular_coverage": 1.0,
      "n_points": 535,
      "flags": {}
    },
    {
      "h": -0.14193246070413582,
      "r": 0.36216940038389034,
      "reliability": 0.159558367283806,
      "residual": 0.09131467265354454,
      "angular_coverage": 1.0,
      "n_points": 543,
      "flags": {}
    },
    {
      "h": -0.13411154655849253,
      "r": 0.3661037368599404,
      "reliability": 0.21351429693453705,
      "residual": 0.08638060646375503,
      "angular_coverage": 1.0,
      "n_points": 545,
      "flags": {}
    },
    {
      "h": -0.12629063241284927,
      "r": 0.3689700736174536,
      "reliability": 0.19506369318728134,
      "residual": 0.08909922251461501,
      "angular_coverage": 1.0,
      "n_points": 528,
      "flags": {}
    },
    {
      "h": -0.11846971826720598,
      "r": 0.37153326802516146,
      "reliability": 0.18761486536478822,
      "residual": 0.09054843118982431,
      "angular_coverage": 1.0,
      "n_points": 512,
      "flags": {}
    },
    {
      "h": -0.1106488041215627,
      "r": 0.37334166232917104,
      "reliability": 0.19300892451985474,
      "residual": 0.0903850168813689,
      "angular_coverage": 1.0,
      "n_points": 549,
      "flags": {}
    },
    {
      "h": -0.10282788997591943,
      "r": 0.37576788555535023,
      "reliability": 0.2313811038046084,
      "residual": 0.08664668922636885,
      "angular_coverage": 1.0,
      "n_points": 556,
      "flags": {}
    },
    {
      "h": -0.09500697583027615,
      "r": 0.3773813223434115,
      "reliability": 0.257344474084894,
      "residual": 0.08407929732464531,
      "angular_coverage": 1.0,
      "n_points": 552,
      "flags": {}
    },
    {
      "h": -0.08718606168463286,
      "r": 0.37822199722731786,
      "reliability": 0.27270505825885216,
      "residual": 0.08252368363159882,
      "angular_coverage": 1.0,
      "n_points": 562,
      "flags": {}
    },
    {
      "h": -0.0793651475389896,
      "r": 0.37823991902169657,
      "reliability": 0.29399752996092743,
      "residual": 0.08011149512900897,
      "angular_coverage": 1.0,
      "n_points": 550,
      "flags": {}
    },
    {
      "h": -0.07154423339334631,
      "r": 0.3785690906220771,
      "reliability": 0.33368723163835423,
      "residual": 0.07567362563656407,
      "angular_coverage": 1.0,
      "n_points": 546,
      "flags": {}
    },
    {
      "h": -0.06372331924770304,
      "r": 0.37776887542285675,
      "reliability": 0.3642978340670906,