{
  "part_name": "Teapot Body",
  "source_mesh_path": "input/alpha_wrapping_per_part/part_1_Teapot_Body_wrapped.obj",
  "proxy_type": "surface_of_revolution",
  "axis": {
    "origin": [
      0.011043042816836438,
      0.0005654660237203294,
      0.21325148609903558
    ],
    "direction": [
      -0.025456734992443237,
      -0.007419406084066345,
      -0.9996483917132484
    ],
    "u": [
      -0.00018887905322277808,
      0.99997247582689,
      -0.007417001506222996
    ],
    "v": [
      0.9996759069639667,
      0.0,
      -0.02545743568725913
    ],
    "h_range": [
      -0.2890679166699011,
      0.2209917015242254
    ]
  },
  "profile": {
    "h": [
      -0.2647550748693144,
      -0.2569341607236711,
      -0.24911324657802783,
      -0.24129233243238457,
      -0.23347141828674128,
      -0.22565050414109802,
      -0.21782958999545476,
      -0.21000867584981148,
      -0.2021877617041682,
      -0.19436684755852493,
      -0.18654593341288167,
      -0.17872501926723838,
      -0.17090410512159512,
      -0.16308319097595186,
      -0.15526227683030858,
      -0.1474413626846653,
      -0.13962044853902203,
      -0.13179953439337877,
      -0.12397862024773548,
      -0.11615770610209222,
      -0.10833679195644894,
      -0.10051587781080568,
      -0.09269496366516239,
      -0.08487404951951913,
      -0.07705313537387587,
      -0.06923222122823258,
      -0.06141130708258932,
      -0.053590392936946035,
      -0.045769478791302776,
      -0.03794856464565949,
      -0.03012765050001623,
      -0.02230673635437294,
      -0.014485822208729682,
      -0.006664908063086394,
      0.0011560060825568375,
      0.008976920228200125,
      0.016797834373843412,
      0.0246187485194867,
      0.03243966266512993,
      0.04026057681077322,
      0.048081490956416506,
      0.05590240510205974,
      0.06372331924770303,
      0.07154423339334631,
      0.0793651475389896,
      0.08718606168463283,
      0.09500697583027612,
      0.1028278899759194,
      0.11064880412156264,
      0.11846971826720593,
      0.1262906324128492,
      0.1341115465584925,
      0.14193246070413573,
      0.14975337484977902,
      0.1575742889954223,
      0.1653952031410656,
      0.17321611728670883,
      0.1810370314323521,
      0.1888579455779954,
      0.19667885972363863
    ],
    "r": [
      0.2043401288691847,
      0.2119785312639307,
      0.2194361070985935,
      0.22671274620943285,
      0.23380833843270807,
      0.24072277360467867,
      0.24745594156160425,
      0.25400773213974426,
      0.26037803517535824,
      0.2665667405047057,
      0.272573737964046,
      0.2783989173896389,
      0.2840421686177439,
      0.2895033814846202,
      0.2947824458265276,
      0.2998792514797255,
      0.3047936882804733,
      0.30952564606503086,
      0.31407501466965737,
      0.31844168393061234,
      0.3226255436841557,
      0.3266264837665463,
      0.3304443940140441,
      0.3340791642629085,
      0.337530684349399,
      0.34079884410977507,
      0.3438835333802964,
      0.3467846419972222,
      0.34950205979681226,
      0.352035676615326,
      0.35438538228902283,
      0.35655106665416225,
      0.358532619547004,
      0.36032993080380743,
      0.361942890260832,
      0.36337138775433725,
      0.3646153131205828,
      0.365674556195828,
      0.3665490068163325,
      0.36723855481835577,
      0.3677430900381572,
      0.3680625023119965,
      0.368196681476133,
      0.3681455173668263,
      0.3679088998203359,
      0.3674867186729214,
      0.3668788637608421,
      0.36608522492035767,
      0.3651056919877275,
      0.36394015479921127,
      0.3625885031910683,
      0.36105062699955837,
      0.3593264160609407,
      0.35741576021147486,
      0.35531854928742046,
      0.35303467312503695,
      0.3505640215605838,
      0.34790648443032074,
      0.34506195157050695,
      0.3420303128174021
    ]
  },
  "profile_slices": [
    {
      "h": -0.2647550748693144,
      "r": 0.212648250571648,
      "reliability": 0.5983421658944819,
      "residual": 0.025623550725280695,
      "angular_coverage": 1.0,
      "n_points": 428,
      "flags": {}
    },
    {
      "h": -0.25693416072367115,
      "r": 0.22181404944504335,
      "reliability": 0.5699910403584845,
      "residual": 0.028614608590720434,
      "angular_coverage": 1.0,
      "n_points": 386,
      "flags": {}
    },
    {
      "h": -0.24911324657802789,
      "r": 0.22833122066970085,
      "reliability": 0.5982439915097642,
      "residual": 0.027520031948988673,
      "angular_coverage": 1.0,
      "n_points": 410,
      "flags": {}
    },
    {
      "h": -0.2412923324323846,
      "r": 0.23165100405292946,
      "reliability": 0.5840132637495661,
      "residual": 0.02890912353753425,
      "angular_coverage": 1.0,
      "n_points": 461,
      "flags": {}
    },
    {
      "h": -0.23347141828674134,
      "r": 0.238263241407786,
      "reliability": 0.600479822089923,
      "residual": 0.028557291779001077,
      "angular_coverage": 1.0,
      "n_points": 523,
      "flags": {}
    },
    {
      "h": -0.22565050414109805,
      "r": 0.2285715603209344,
      "reliability": 0.6604150769359722,
      "residual": 0.02328583671786279,
      "angular_coverage": 1.0,
      "n_points": 544,
      "flags": {}
    },
    {
      "h": -0.2178295899954548,
      "r": 0.23556197522238032,
      "reliability": 0.7036521914728683,
      "residual": 0.020942482538842472,
      "angular_coverage": 1.0,
      "n_points": 492,
      "flags": {}
    },
    {
      "h": -0.2100086758498115,
      "r": 0.24210706195172943,
      "reliability": 0.739712727762637,
      "residual": 0.01890521602344537,
      "angular_coverage": 1.0,
      "n_points": 487,
      "flags": {}
    },
    {
      "h": -0.20218776170416825,
      "r": 0.24873342978195878,
      "reliability": 0.7545774844463848,
      "residual": 0.018313435211810048,
      "angular_coverage": 1.0,
      "n_points": 512,
      "flags": {}
    },
    {
      "h": -0.19436684755852496,
      "r": 0.2656611000884477,
      "reliability": 0.7884639818099404,
      "residual": 0.016859067390210335,
      "angular_coverage": 1.0,
      "n_points": 540,
      "flags": {}
    },
    {
      "h": -0.1865459334128817,
      "r": 0.27399214549578604,
      "reliability": 0.7991021690617464,
      "residual": 0.016513328317266544,
      "angular_coverage": 1.0,
      "n_points": 510,
      "flags": {}
    },
    {
      "h": -0.17872501926723844,
      "r": 0.28046219201833567,
      "reliability": 0.813775379322466,
      "residual": 0.015668689596901274,
      "angular_coverage": 1.0,
      "n_points": 487,
      "flags": {}
    },
    {
      "h": -0.17090410512159515,
      "r": 0.2857052417311418,
      "reliability": 0.8278964970099287,
      "residual": 0.014751261877366374,
      "angular_coverage": 1.0,
      "n_points": 572,
      "flags": {}
    },
    {
      "h": -0.1630831909759519,
      "r": 0.28770993503434944,
      "reliability": 0.8405671422834132,
      "residual": 0.013761125140793955,
      "angular_coverage": 1.0,
      "n_points": 583,
      "flags": {}
    },
    {
      "h": -0.1552622768303086,
      "r": 0.29266325908275304,
      "reliability": 0.8494529367176201,
      "residual": 0.01321787825566763,
      "angular_coverage": 1.0,
      "n_points": 552,
      "flags": {}
    },
    {
      "h": -0.14744136268466534,
      "r": 0.3032043877892827,
      "reliability": 0.8606474174744205,
      "residual": 0.012675694341457152,
      "angular_coverage": 1.0,
      "n_points": 559,
      "flags": {}
    },
    {
      "h": -0.13962044853902206,
      "r": 0.30666108699477906,
      "reliability": 0.8702059038148299,
      "residual": 0.011940839586494752,
      "angular_coverage": 1.0,
      "n_points": 559,
      "flags": {}
    },
    {
      "h": -0.1317995343933788,
      "r": 0.3113309768428547,
      "reliability": 0.8787198524233223,